timestamp,voltage_v,current_a,power_kw,frequency_hz,transformer_temp_c,latitude,longitude
2026-05-09T08:00:00+00:00,229.39,41.97,11.65,50.02,45.84,50.451381,30.525068
2026-05-09T08:10:00+00:00,229.29,42.36,7.95,50.04,48.89,50.451231,30.525174
2026-05-09T08:20:00+00:00,232.82,44.34,10.68,50.0,49.87,50.450885,30.524912
2026-05-09T08:30:00+00:00,233.08,41.63,10.02,50.01,48.89,50.450978,30.524856
2026-05-09T08:40:00+00:00,231.51,45.84,10.0,49.96,47.73,50.450586,30.524914
2026-05-09T08:00:00+00:00,226.69,42.17,12.23,50.03,46.16,50.45134,30.525095
2026-05-09T08:10:00+00:00,228.89,44.29,10.85,50.0,47.87,50.451272,30.5249
2026-05-09T08:20:00+00:00,228.68,44.68,11.94,49.92,46.89,50.451194,30.524988
2026-05-09T08:30:00+00:00,231.5,40.72,12.1,50.08,48.78,50.450857,30.524985
2026-05-09T08:40:00+00:00,229.39,44.46,9.39,49.92,50.04,50.450853,30.524825
2026-05-09T08:00:00+00:00,230.76,42.31,10.22,49.98,48.94,50.451198,30.525138
2026-05-09T08:10:00+00:00,226.95,42.49,9.02,50.0,47.97,50.451033,30.52496
2026-05-09T08:20:00+00:00,228.94,43.4,12.44,49.9,49.04,50.451095,30.525101
2026-05-09T08:30:00+00:00,229.57,42.76,11.08,50.09,48.5,50.450739,30.524691
2026-05-09T08:40:00+00:00,227.63,45.89,8.84,50.05,50.53,50.450886,30.524884
2026-05-09T08:00:00+00:00,233.56,41.73,12.11,49.94,45.63,50.451476,30.524946
2026-05-09T08:10:00+00:00,229.04,42.65,11.84,50.05,47.0,50.451008,30.525086
2026-05-09T08:20:00+00:00,227.48,43.86,11.28,49.97,49.67,50.451134,30.525003
2026-05-09T08:30:00+00:00,230.42,42.11,8.07,50.06,46.88,50.45102,30.524669
2026-05-09T08:40:00+00:00,232.63,45.47,11.9,49.99,50.42,50.450778,30.52494
2026-05-09T08:00:00+00:00,227.01,42.22,8.06,49.93,46.86,50.451457,30.524932
2026-05-09T08:10:00+00:00,232.28,43.82,12.09,50.01,46.89,50.451314,30.525035
2026-05-09T08:20:00+00:00,226.59,43.58,11.71,49.95,49.51,50.45084,30.524912
2026-05-09T08:30:00+00:00,231.61,41.12,10.6,50.07,45.57,50.45073,30.524908
2026-05-09T08:40:00+00:00,230.97,45.93,12.28,50.0,47.26,50.450819,30.524681
2026-05-09T08:00:00+00:00,229.67,42.35,10.96,49.94,48.61,50.451423,30.525115
2026-05-09T08:10:00+00:00,233.98,42.11,11.2,50.01,48.83,50.451091,30.524824
2026-05-09T08:20:00+00:00,225.87,43.26,8.5,49.98,49.55,50.450928,30.524861
2026-05-09T08:30:00+00:00,234.08,41.98,9.45,50.02,45.64,50.451027,30.524836
2026-05-09T08:40:00+00:00,229.68,45.08,10.51,50.05,51.06,50.450856,30.52465
2026-05-09T08:00:00+00:00,229.43,42.95,11.92,50.03,47.7,50.451383,30.525181
2026-05-09T08:10:00+00:00,230.72,42.95,10.59,50.07,48.74,50.451141,30.524929
2026-05-09T08:20:00+00:00,230.26,44.86,9.55,50.0,47.65,50.450959,30.524893
2026-05-09T08:30:00+00:00,230.64,40.72,8.44,49.97,46.05,50.450929,30.524839
2026-05-09T08:40:00+00:00,232.18,46.35,9.52,50.0,48.63,50.450744,30.524669
2026-05-09T08:00:00+00:00,228.56,42.62,10.02,49.97,46.49,50.451159,30.525115
2026-05-09T08:10:00+00:00,227.2,43.93,8.1,50.08,45.86,50.451366,30.524953
2026-05-09T08:20:00+00:00,225.19,42.96,11.06,50.04,50.49,50.451124,30.525109
2026-05-09T08:30:00+00:00,234.07,42.09,8.3,50.1,45.47,50.450748,30.524672
2026-05-09T08:40:00+00:00,226.35,44.92,10.09,49.96,49.9,50.45094,30.524901
2026-05-09T08:00:00+00:00,232.51,42.81,11.82,50.0,46.44,50.451388,30.525164
2026-05-09T08:10:00+00:00,232.37,42.71,8.18,50.08,46.36,50.451173,30.525143
2026-05-09T08:20:00+00:00,229.86,45.06,9.54,49.99,49.09,50.45109,30.524949
2026-05-09T08:30:00+00:00,232.91,42.72,10.37,50.08,47.36,50.450896,30.524875
2026-05-09T08:40:00+00:00,227.2,45.53,13.16,49.92,48.43,50.45087,30.524597
2026-05-09T08:00:00+00:00,225.92,43.2,8.49,49.95,45.9,50.451364,30.52491
2026-05-09T08:10:00+00:00,230.23,42.86,11.03,50.01,49.44,50.451366,30.524844
2026-05-09T08:20:00+00:00,229.31,44.88,10.05,50.03,48.16,50.451082,30.525111
2026-05-09T08:30:00+00:00,231.59,41.39,7.71,50.01,47.56,50.450903,30.524875
2026-05-09T08:40:00+00:00,231.64,45.49,11.67,50.0,49.54,50.450712,30.524784
2026-05-09T08:00:00+00:00,228.76,43.03,11.18,49.99,45.54,50.451268,30.525036
2026-05-09T08:10:00+00:00,229.56,43.34,7.64,49.98,46.64,50.451247,30.524838
2026-05-09T08:20:00+00:00,227.4,43.83,9.92,49.99,47.66,50.451004,30.524791
2026-05-09T08:30:00+00:00,228.65,42.46,8.86,50.1,47.48,50.450933,30.524852
2026-05-09T08:40:00+00:00,233.27,44.76,10.5,49.99,49.63,50.450935,30.524689
2026-05-09T08:00:00+00:00,229.4,43.24,10.56,49.95,47.1,50.451417,30.525258
2026-05-09T08:10:00+00:00,231.45,42.7,9.25,50.02,47.35,50.451252,30.524841
2026-05-09T08:20:00+00:00,230.26,44.79,11.59,50.0,48.61,50.451137,30.525085
2026-05-09T08:30:00+00:00,232.4,42.7,10.19,50.05,45.52,50.450975,30.524851
2026-05-09T08:40:00+00:00,230.93,45.37,10.5,50.03,50.21,50.450902,30.524638
2026-05-09T08:00:00+00:00,229.3,43.57,8.41,49.97,46.6,50.451462,30.524959
2026-05-09T08:10:00+00:00,230.15,43.38,12.13,49.93,46.66,50.451312,30.525124
2026-05-09T08:20:00+00:00,226.05,43.83,10.97,49.93,48.17,50.451026,30.524857
2026-05-09T08:30:00+00:00,232.13,42.45,10.78,50.0,45.08,50.450818,30.524933
2026-05-09T08:40:00+00:00,229.29,44.09,11.53,49.96,50.55,50.450699,30.524886
2026-05-09T08:00:00+00:00,233.76,41.73,8.77,49.92,46.51,50.45127,30.525072
2026-05-09T08:10:00+00:00,227.68,41.97,11.84,50.04,47.55,50.451185,30.52512
2026-05-09T08:20:00+00:00,230.79,44.0,9.83,49.98,47.55,50.45092,30.524805
2026-05-09T08:30:00+00:00,234.23,42.64,10.66,50.1,47.45,50.450706,30.524857
2026-05-09T08:40:00+00:00,231.65,45.98,8.67,50.07,49.67,50.450828,30.52477
2026-05-09T08:00:00+00:00,227.37,43.6,8.67,50.0,47.66,50.451214,30.524932
2026-05-09T08:10:00+00:00,231.34,41.97,12.04,50.02,48.37,50.451064,30.525049
2026-05-09T08:20:00+00:00,227.86,44.15,9.5,49.96,47.57,50.45121,30.524812
2026-05-09T08:30:00+00:00,230.25,41.7,8.3,50.04,45.09,50.450879,30.524676
2026-05-09T08:40:00+00:00,229.1,45.32,12.43,50.01,49.54,50.450655,30.524715
2026-05-09T08:00:00+00:00,233.25,42.06,9.26,50.0,48.57,50.451457,30.524956
2026-05-09T08:10:00+00:00,232.61,43.29,11.21,50.02,46.48,50.451367,30.525133
2026-05-09T08:20:00+00:00,230.55,44.04,10.7,50.05,48.41,50.451159,30.525051
2026-05-09T08:30:00+00:00,232.74,42.26,9.55,50.03,47.14,50.451073,30.524948
2026-05-09T08:40:00+00:00,230.0,44.65,8.85,50.03,48.06,50.450871,30.524668
2026-05-09T08:00:00+00:00,233.51,42.07,10.53,50.05,45.56,50.451291,30.52498
2026-05-09T08:10:00+00:00,227.26,44.26,9.02,50.09,47.97,50.450984,30.525047
2026-05-09T08:20:00+00:00,228.14,43.83,9.54,49.95,46.88,50.451064,30.525015
2026-05-09T08:30:00+00:00,231.12,42.75,10.62,50.0,45.37,50.450803,30.524802
2026-05-09T08:40:00+00:00,226.15,45.07,11.82,49.92,49.36,50.450842,30.524909
2026-05-09T08:00:00+00:00,231.18,42.04,7.41,49.94,45.21,50.451326,30.525124
2026-05-09T08:10:00+00:00,229.99,44.1,9.49,49.94,49.66,50.45113,30.525177
2026-05-09T08:20:00+00:00,226.14,43.25,12.28,50.01,46.63,50.450912,30.524944
2026-05-09T08:30:00+00:00,235.05,41.16,11.68,50.04,47.21,50.45099,30.524696
2026-05-09T08:40:00+00:00,229.7,45.67,10.34,49.96,47.84,50.450797,30.524712
2026-05-09T08:00:00+00:00,226.21,42.21,10.32,49.91,45.49,50.451314,30.525232
2026-05-09T08:10:00+00:00,233.72,43.22,11.48,49.99,47.93,50.451222,30.524902
2026-05-09T08:20:00+00:00,230.66,43.51,8.88,49.93,48.78,50.451041,30.524994
2026-05-09T08:30:00+00:00,227.57,40.68,11.33,50.1,47.57,50.450897,30.524897
2026-05-09T08:40:00+00:00,231.28,45.29,9.73,49.99,49.89,50.450705,30.524567
2026-05-09T08:00:00+00:00,226.44,43.68,10.55,49.91,46.82,50.45122,30.525231
2026-05-09T08:10:00+00:00,233.79,43.54,9.0,50.02,48.43,50.451207,30.524928
2026-05-09T08:20:00+00:00,230.41,42.99,11.63,49.95,46.89,50.451116,30.525076
2026-05-09T08:30:00+00:00,227.69,41.24,9.0,50.08,45.52,50.450798,30.524739
2026-05-09T08:40:00+00:00,225.6,44.99,12.2,50.03,49.34,50.450854,30.524905
