timestamp,temperature_c,humidity_pct,pm2_5,pm10,co2_ppm,latitude,longitude
2026-05-09T08:00:00+00:00,17.18,60.13,14.61,22.87,483.12,50.450986,30.523313
2026-05-09T08:10:00+00:00,18.68,57.87,16.69,20.57,467.52,50.451006,30.523537
2026-05-09T08:20:00+00:00,20.41,60.04,16.84,22.83,513.04,50.450564,30.522847
2026-05-09T08:30:00+00:00,19.6,60.19,17.77,23.86,495.77,50.450507,30.523005
2026-05-09T08:40:00+00:00,20.1,54.26,18.21,29.95,560.62,50.450164,30.523898
2026-05-09T08:00:00+00:00,18.02,59.63,16.01,25.03,497.29,50.450953,30.52338
2026-05-09T08:10:00+00:00,18.1,63.11,14.69,21.37,484.75,50.45109,30.52374
2026-05-09T08:20:00+00:00,17.81,57.17,17.08,23.09,471.26,50.450842,30.523084
2026-05-09T08:30:00+00:00,19.45,56.95,16.31,24.5,550.63,50.450319,30.522996
2026-05-09T08:40:00+00:00,21.48,58.0,17.14,28.48,564.14,50.450011,30.523816
2026-05-09T08:00:00+00:00,18.69,63.23,13.14,20.22,495.32,50.450782,30.523374
2026-05-09T08:10:00+00:00,19.16,60.94,13.4,23.33,482.41,50.451274,30.523524
2026-05-09T08:20:00+00:00,19.83,56.59,15.53,23.06,486.0,50.450586,30.523096
2026-05-09T08:30:00+00:00,20.75,60.33,17.38,28.01,526.78,50.450224,30.52295
2026-05-09T08:40:00+00:00,18.77,57.66,17.33,29.88,569.16,50.450334,30.524013
2026-05-09T08:00:00+00:00,17.74,62.99,13.8,25.39,470.54,50.451096,30.523687
2026-05-09T08:10:00+00:00,18.92,62.04,15.97,24.12,472.5,50.450901,30.52389
2026-05-09T08:20:00+00:00,19.31,58.34,17.73,23.62,476.71,50.450779,30.52281
2026-05-09T08:30:00+00:00,18.77,55.39,15.3,24.47,519.26,50.45052,30.523189
2026-05-09T08:40:00+00:00,21.25,55.7,19.21,28.31,582.15,50.45003,30.52376
2026-05-09T08:00:00+00:00,17.62,61.58,15.05,20.91,456.51,50.451061,30.523494
2026-05-09T08:10:00+00:00,18.73,63.6,14.19,22.44,509.41,50.451252,30.52375
2026-05-09T08:20:00+00:00,19.29,55.69,16.97,22.61,494.32,50.450491,30.522898
2026-05-09T08:30:00+00:00,20.36,60.65,16.0,23.12,496.67,50.450532,30.523181
2026-05-09T08:40:00+00:00,21.52,53.89,18.37,29.28,530.0,50.450373,30.52381
2026-05-09T08:00:00+00:00,19.02,61.55,15.14,25.29,451.91,50.451004,30.523631
2026-05-09T08:10:00+00:00,17.94,62.58,14.36,25.38,496.08,50.45124,30.523593
2026-05-09T08:20:00+00:00,19.19,58.48,17.38,23.78,511.2,50.450713,30.522929
2026-05-09T08:30:00+00:00,18.92,60.82,17.41,27.18,494.84,50.450226,30.523134
2026-05-09T08:40:00+00:00,19.61,59.46,16.47,28.89,555.44,50.45007,30.523885
2026-05-09T08:00:00+00:00,16.91,61.65,14.58,21.25,449.2,50.45082,30.52333
2026-05-09T08:10:00+00:00,19.77,63.45,14.76,22.91,468.29,50.451217,30.523758
2026-05-09T08:20:00+00:00,18.14,59.6,16.94,24.75,468.39,50.450741,30.523106
2026-05-09T08:30:00+00:00,18.1,60.09,17.05,23.33,522.29,50.450566,30.52325
2026-05-09T08:40:00+00:00,20.08,53.32,19.33,27.29,563.16,50.450407,30.524025
2026-05-09T08:00:00+00:00,17.75,60.59,14.55,25.49,467.27,50.450953,30.523628
2026-05-09T08:10:00+00:00,19.68,61.56,13.61,25.89,455.84,50.451052,30.523915
2026-05-09T08:20:00+00:00,20.16,61.52,15.92,23.7,512.31,50.45074,30.523081
2026-05-09T08:30:00+00:00,19.22,55.02,17.32,26.4,541.48,50.450538,30.523037
2026-05-09T08:40:00+00:00,19.6,59.23,18.76,27.04,534.15,50.450388,30.524055
2026-05-09T08:00:00+00:00,18.72,60.97,14.75,23.23,480.44,50.450864,30.52362
2026-05-09T08:10:00+00:00,18.89,63.39,16.32,21.64,504.73,50.451116,30.523909
2026-05-09T08:20:00+00:00,19.85,57.34,15.92,25.63,488.0,50.450529,30.522887
2026-05-09T08:30:00+00:00,19.71,56.72,16.68,28.7,534.75,50.450266,30.523014
2026-05-09T08:40:00+00:00,20.63,52.92,17.1,30.11,579.43,50.450157,30.524021
2026-05-09T08:00:00+00:00,19.48,59.51,12.72,21.0,445.21,50.45111,30.523301
2026-05-09T08:10:00+00:00,17.43,62.48,16.47,23.23,479.06,50.451102,30.523898
2026-05-09T08:20:00+00:00,18.48,59.04,16.12,26.56,470.01,50.450632,30.522979
2026-05-09T08:30:00+00:00,20.6,54.65,15.59,27.43,542.82,50.450589,30.522947
2026-05-09T08:40:00+00:00,19.75,56.39,16.46,25.97,528.83,50.450203,30.523999
2026-05-09T08:00:00+00:00,17.33,62.93,12.32,23.98,448.06,50.450977,30.52346
2026-05-09T08:10:00+00:00,17.64,60.01,14.13,24.17,481.06,50.451009,30.523822
2026-05-09T08:20:00+00:00,19.6,57.98,15.99,26.25,492.54,50.450572,30.522963
2026-05-09T08:30:00+00:00,20.71,59.22,16.09,27.67,491.35,50.45038,30.522951
2026-05-09T08:40:00+00:00,20.39,56.56,18.72,29.59,558.01,50.450261,30.523846
2026-05-09T08:00:00+00:00,19.47,62.81,14.23,22.28,471.8,50.450781,30.523646
2026-05-09T08:10:00+00:00,19.13,59.55,16.67,22.42,501.21,50.451296,30.52373
2026-05-09T08:20:00+00:00,18.78,59.67,18.15,23.66,488.37,50.450867,30.523019
2026-05-09T08:30:00+00:00,18.56,56.07,18.35,26.05,523.78,50.450297,30.52332
2026-05-09T08:40:00+00:00,21.05,54.14,16.96,30.09,567.91,50.450254,30.523961
2026-05-09T08:00:00+00:00,19.44,64.46,13.34,24.08,452.1,50.450972,30.523341
2026-05-09T08:10:00+00:00,18.31,58.02,13.15,25.6,480.07,50.45094,30.523806
2026-05-09T08:20:00+00:00,18.97,56.28,18.02,25.38,463.15,50.450648,30.523058
2026-05-09T08:30:00+00:00,20.01,60.87,16.21,23.1,541.2,50.450376,30.523108
2026-05-09T08:40:00+00:00,19.3,58.04,19.54,26.19,534.71,50.450387,30.523675
2026-05-09T08:00:00+00:00,18.98,61.07,15.39,21.1,438.78,50.450886,30.523375
2026-05-09T08:10:00+00:00,19.22,62.54,13.23,24.13,475.43,50.451146,30.523694
2026-05-09T08:20:00+00:00,19.89,59.52,16.52,24.19,507.47,50.45086,30.522889
2026-05-09T08:30:00+00:00,18.36,58.77,18.58,24.92,510.32,50.450579,30.523098
2026-05-09T08:40:00+00:00,20.35,56.78,16.34,26.16,582.97,50.450158,30.523981
2026-05-09T08:00:00+00:00,17.39,65.04,13.1,25.18,469.32,50.450957,30.523422
2026-05-09T08:10:00+00:00,19.89,57.57,16.79,24.73,465.53,50.45127,30.523536
2026-05-09T08:20:00+00:00,19.42,57.69,17.27,26.21,522.25,50.450674,30.522822
2026-05-09T08:30:00+00:00,18.67,55.12,19.18,25.8,547.54,50.450594,30.523208
2026-05-09T08:40:00+00:00,19.91,52.82,16.2,27.67,538.38,50.450116,30.523806
2026-05-09T08:00:00+00:00,17.02,63.5,15.42,22.62,443.43,50.450911,30.523316
2026-05-09T08:10:00+00:00,19.69,62.08,15.75,20.26,480.22,50.451292,30.523753
2026-05-09T08:20:00+00:00,18.84,56.93,16.41,25.47,495.01,50.450656,30.522908
2026-05-09T08:30:00+00:00,19.55,60.7,16.32,24.79,551.9,50.450541,30.523026
2026-05-09T08:40:00+00:00,18.94,58.97,18.62,28.78,527.98,50.450027,30.524042
2026-05-09T08:00:00+00:00,18.55,65.0,13.83,25.11,494.49,50.451058,30.523302
2026-05-09T08:10:00+00:00,18.79,63.56,16.85,25.66,508.37,50.451299,30.523679
2026-05-09T08:20:00+00:00,17.64,57.86,15.58,25.85,475.52,50.450739,30.523027
2026-05-09T08:30:00+00:00,18.13,58.58,17.97,23.37,494.28,50.450341,30.523209
2026-05-09T08:40:00+00:00,20.11,56.26,18.66,25.61,530.32,50.450176,30.52388
2026-05-09T08:00:00+00:00,19.6,61.62,12.42,20.29,462.08,50.451037,30.523496
2026-05-09T08:10:00+00:00,17.84,57.95,15.57,24.48,514.46,50.451089,30.523635
2026-05-09T08:20:00+00:00,20.54,58.74,17.28,24.34,488.55,50.450814,30.523042
2026-05-09T08:30:00+00:00,18.83,54.31,16.96,26.24,538.81,50.450489,30.523269
2026-05-09T08:40:00+00:00,19.23,57.25,18.22,24.58,537.11,50.450247,30.523954
2026-05-09T08:00:00+00:00,17.66,60.81,12.52,22.2,458.98,50.450962,30.523455
2026-05-09T08:10:00+00:00,20.19,57.82,17.0,22.97,463.98,50.450906,30.523895
2026-05-09T08:20:00+00:00,18.54,55.82,17.86,26.25,463.14,50.450608,30.522821
2026-05-09T08:30:00+00:00,20.48,55.18,18.08,25.93,550.18,50.450416,30.522987
2026-05-09T08:40:00+00:00,21.5,58.89,18.64,24.39,550.25,50.450034,30.523915
2026-05-09T08:00:00+00:00,17.14,65.22,14.04,20.96,481.81,50.450892,30.523618
2026-05-09T08:10:00+00:00,19.98,63.43,13.92,25.51,495.46,50.451291,30.52391
2026-05-09T08:20:00+00:00,19.3,61.45,17.11,25.04,488.87,50.4506,30.522966
2026-05-09T08:30:00+00:00,19.23,55.3,17.54,25.28,540.05,50.450311,30.523141
2026-05-09T08:40:00+00:00,20.24,53.22,16.36,27.63,554.78,50.450182,30.523883
